iter	Logloss
0	0.6365812606
1	0.6072394906
2	0.5700580478
3	0.5313935609
4	0.5005370923
