iter	Logloss
0	0.6365074998
1	0.555322003
2	0.5062629115
3	0.435468933
4	0.3974677872
